Workbook
Name Slicer_Interest: #N/A
Name Slicer_Recommendation: #N/A

Sheet Student_Data
A1: RollNo | B1: Name | C1: MarksPct | D1: AttendancePct | E1: Interest | F1: Recommendation | G1: Score | H1: Confidence | I1: RuleMatchScore
A2: 101 | B2: Navya | C2: 82 | D2: 91 | E2: High | F2: =IF(AND(Table1[[#This Row],[MarksPct]]>=75,Table1[[#This Row],[AttendancePct]]>=85,Table1[[#This Row],[Interest]]="High"),"Advanced Course", IF(AND(Table1[[#This Row],[MarksPct]]>=60,Table1[[#This Row],[AttendancePct]]>=75,Table1[[#This Row],[Interest]]="Medium"),"Skill Practice", IF(Table1[[#This Row],[AttendancePct]]<65,"Improve Attendance", "Basic Revision"))) -> Advanced Course | G2: =Table1[[#This Row],[MarksPct]]*0.6 + Table1[[#This Row],[AttendancePct]]*0.4 -> 85.6 | H2: =IF(Table1[[#This Row],[Recommendation]]="Advanced Course","High", IF(Table1[[#This Row],[Recommendation]]="Skill Practice","Medium","Low")) -> High
A3: 102 | B3: Manohar | C3: 58 | D3: 72 | E3: Medium | F3: =IF(AND(Table1[[#This Row],[MarksPct]]>=75,Table1[[#This Row],[AttendancePct]]>=85,Table1[[#This Row],[Interest]]="High"),"Advanced Course", IF(AND(Table1[[#This Row],[MarksPct]]>=60,Table1[[#This Row],[AttendancePct]]>=75,Table1[[#This Row],[Interest]]="Medium"),"Skill Practice", IF(Table1[[#This Row],[AttendancePct]]<65,"Improve Attendance", "Basic Revision"))) -> Basic Revision | G3: =Table1[[#This Row],[MarksPct]]*0.6 + Table1[[#This Row],[AttendancePct]]*0.4 -> 63.6 | H3: =IF(Table1[[#This Row],[Recommendation]]="Advanced Course","High", IF(Table1[[#This Row],[Recommendation]]="Skill Practice","Medium","Low")) -> Low
A4: 103 | B4: Lakshmi | C4: 67 | D4: 60 | E4: Low | F4: =IF(AND(Table1[[#This Row],[MarksPct]]>=75,Table1[[#This Row],[AttendancePct]]>=85,Table1[[#This Row],[Interest]]="High"),"Advanced Course", IF(AND(Table1[[#This Row],[MarksPct]]>=60,Table1[[#This Row],[AttendancePct]]>=75,Table1[[#This Row],[Interest]]="Medium"),"Skill Practice", IF(Table1[[#This Row],[AttendancePct]]<65,"Improve Attendance", "Basic Revision"))) -> Improve Attendance | G4: =Table1[[#This Row],[MarksPct]]*0.6 + Table1[[#This Row],[AttendancePct]]*0.4 -> 64.2 | H4: =IF(Table1[[#This Row],[Recommendation]]="Advanced Course","High", IF(Table1[[#This Row],[Recommendation]]="Skill Practice","Medium","Low")) -> Low
A5: 104 | B5: Vijaya | C5: 88 | D5: 90 | E5: High | F5: =IF(AND(Table1[[#This Row],[MarksPct]]>=75,Table1[[#This Row],[AttendancePct]]>=85,Table1[[#This Row],[Interest]]="High"),"Advanced Course", IF(AND(Table1[[#This Row],[MarksPct]]>=60,Table1[[#This Row],[AttendancePct]]>=75,Table1[[#This Row],[Interest]]="Medium"),"Skill Practice", IF(Table1[[#This Row],[AttendancePct]]<65,"Improve Attendance", "Basic Revision"))) -> Advanced Course | G5: =Table1[[#This Row],[MarksPct]]*0.6 + Table1[[#This Row],[AttendancePct]]*0.4 -> 88.8 | H5: =IF(Table1[[#This Row],[Recommendation]]="Advanced Course","High", IF(Table1[[#This Row],[Recommendation]]="Skill Practice","Medium","Low")) -> High
A6: 105 | B6: Yash | C6: 92 | D6: 86 | E6: High | F6: =IF(AND(Table1[[#This Row],[MarksPct]]>=75,Table1[[#This Row],[AttendancePct]]>=85,Table1[[#This Row],[Interest]]="High"),"Advanced Course", IF(AND(Table1[[#This Row],[MarksPct]]>=60,Table1[[#This Row],[AttendancePct]]>=75,Table1[[#This Row],[Interest]]="Medium"),"Skill Practice", IF(Table1[[#This Row],[AttendancePct]]<65,"Improve Attendance", "Basic Revision"))) -> Advanced Course | G6: =Table1[[#This Row],[MarksPct]]*0.6 + Table1[[#This Row],[AttendancePct]]*0.4 -> 89.6 | H6: =IF(Table1[[#This Row],[Recommendation]]="Advanced Course","High", IF(Table1[[#This Row],[Recommendation]]="Skill Practice","Medium","Low")) -> High
A7: 106 | B7: Jayita | C7: 73 | D7: 75 | E7: Medium | F7: =IF(AND(Table1[[#This Row],[MarksPct]]>=75,Table1[[#This Row],[AttendancePct]]>=85,Table1[[#This Row],[Interest]]="High"),"Advanced Course", IF(AND(Table1[[#This Row],[MarksPct]]>=60,Table1[[#This Row],[AttendancePct]]>=75,Table1[[#This Row],[Interest]]="Medium"),"Skill Practice", IF(Table1[[#This Row],[AttendancePct]]<65,"Improve Attendance", "Basic Revision"))) -> Skill Practice | G7: =Table1[[#This Row],[MarksPct]]*0.6 + Table1[[#This Row],[AttendancePct]]*0.4 -> 73.8 | H7: =IF(Table1[[#This Row],[Recommendation]]="Advanced Course","High", IF(Table1[[#This Row],[Recommendation]]="Skill Practice","Medium","Low")) -> Medium
A8: 107 | B8: Meghana | C8: 69 | D8: 81 | E8: Medium | F8: =IF(AND(Table1[[#This Row],[MarksPct]]>=75,Table1[[#This Row],[AttendancePct]]>=85,Table1[[#This Row],[Interest]]="High"),"Advanced Course", IF(AND(Table1[[#This Row],[MarksPct]]>=60,Table1[[#This Row],[AttendancePct]]>=75,Table1[[#This Row],[Interest]]="Medium"),"Skill Practice", IF(Table1[[#This Row],[AttendancePct]]<65,"Improve Attendance", "Basic Revision"))) -> Skill Practice | G8: =Table1[[#This Row],[MarksPct]]*0.6 + Table1[[#This Row],[AttendancePct]]*0.4 -> 73.8 | H8: =IF(Table1[[#This Row],[Recommendation]]="Advanced Course","High", IF(Table1[[#This Row],[Recommendation]]="Skill Practice","Medium","Low")) -> Medium
A9: 108 | B9: Praneeth | C9: 89 | D9: 55 | E9: Low | F9: =IF(AND(Table1[[#This Row],[MarksPct]]>=75,Table1[[#This Row],[AttendancePct]]>=85,Table1[[#This Row],[Interest]]="High"),"Advanced Course", IF(AND(Table1[[#This Row],[MarksPct]]>=60,Table1[[#This Row],[AttendancePct]]>=75,Table1[[#This Row],[Interest]]="Medium"),"Skill Practice", IF(Table1[[#This Row],[AttendancePct]]<65,"Improve Attendance", "Basic Revision"))) -> Improve Attendance | G9: =Table1[[#This Row],[MarksPct]]*0.6 + Table1[[#This Row],[AttendancePct]]*0.4 -> 75.4 | H9: =IF(Table1[[#This Row],[Recommendation]]="Advanced Course","High", IF(Table1[[#This Row],[Recommendation]]="Skill Practice","Medium","Low")) -> Low
A10: 109 | B10: Manideep | C10: 77 | D10: 63 | E10: Low | F10: =IF(AND(Table1[[#This Row],[MarksPct]]>=75,Table1[[#This Row],[AttendancePct]]>=85,Table1[[#This Row],[Interest]]="High"),"Advanced Course", IF(AND(Table1[[#This Row],[MarksPct]]>=60,Table1[[#This Row],[AttendancePct]]>=75,Table1[[#This Row],[Interest]]="Medium"),"Skill Practice", IF(Table1[[#This Row],[AttendancePct]]<65,"Improve Attendance", "Basic Revision"))) -> Improve Attendance | G10: =Table1[[#This Row],[MarksPct]]*0.6 + Table1[[#This Row],[AttendancePct]]*0.4 -> 71.4 | H10: =IF(Table1[[#This Row],[Recommendation]]="Advanced Course","High", IF(Table1[[#This Row],[Recommendation]]="Skill Practice","Medium","Low")) -> Low
A11: 110 | B11: Ravi | C11: 52 | D11: 85 | E11: Low | F11: =IF(AND(Table1[[#This Row],[MarksPct]]>=75,Table1[[#This Row],[AttendancePct]]>=85,Table1[[#This Row],[Interest]]="High"),"Advanced Course", IF(AND(Table1[[#This Row],[MarksPct]]>=60,Table1[[#This Row],[AttendancePct]]>=75,Table1[[#This Row],[Interest]]="Medium"),"Skill Practice", IF(Table1[[#This Row],[AttendancePct]]<65,"Improve Attendance", "Basic Revision"))) -> Basic Revision | G11: =Table1[[#This Row],[MarksPct]]*0.6 + Table1[[#This Row],[AttendancePct]]*0.4 -> 65.2 | H11: =IF(Table1[[#This Row],[Recommendation]]="Advanced Course","High", IF(Table1[[#This Row],[Recommendation]]="Skill Practice","Medium","Low")) -> Low

Sheet Rules_Table
A1: MarksCondition | B1: AttendanceCondition | C1: Interest | D1: Recomendation | E1: Priority
A2: >=75 | B2: >=85 | C2: High | D2: Advanced Course | E2: 1
A3: >=60 | B3: >=75 | C3: Medium | D3: Skill Practice | E3: 2
A4: <60 | B4: <75 | C4: Any | D4: Basic Revision | E4: 3
A5: Any | B5: <65 | C5: Any | D5: Improve Attendance | E5: 4

Sheet Recommendation_Output
A1: Name | B1: MarksPct | C1: AttendancePct | D1: Interest | E1: Recommendation
A2: =Student_Data!B2 -> Navya | B2: =Student_Data!C2 -> 82 | C2: =Student_Data!D2 -> 91 | D2: =Student_Data!E2 -> High | E2: =Student_Data!F2 -> Advanced Course
A3: =Student_Data!B3 -> Manohar | B3: =Student_Data!C3 -> 58 | C3: =Student_Data!D3 -> 72 | D3: =Student_Data!E3 -> Medium | E3: =Student_Data!F3 -> Basic Revision
A4: =Student_Data!B4 -> Lakshmi | B4: =Student_Data!C4 -> 67 | C4: =Student_Data!D4 -> 60 | D4: =Student_Data!E4 -> Low | E4: =Student_Data!F4 -> Improve Attendance
A5: =Student_Data!B5 -> Vijaya | B5: =Student_Data!C5 -> 88 | C5: =Student_Data!D5 -> 90 | D5: =Student_Data!E5 -> High | E5: =Student_Data!F5 -> Advanced Course
A6: =Student_Data!B6 -> Yash | B6: =Student_Data!C6 -> 92 | C6: =Student_Data!D6 -> 86 | D6: =Student_Data!E6 -> High | E6: =Student_Data!F6 -> Advanced Course
A7: =Student_Data!B7 -> Jayita | B7: =Student_Data!C7 -> 73 | C7: =Student_Data!D7 -> 75 | D7: =Student_Data!E7 -> Medium | E7: =Student_Data!F7 -> Skill Practice
A8: =Student_Data!B8 -> Meghana | B8: =Student_Data!C8 -> 69 | C8: =Student_Data!D8 -> 81 | D8: =Student_Data!E8 -> Medium | E8: =Student_Data!F8 -> Skill Practice
A9: =Student_Data!B9 -> Praneeth | B9: =Student_Data!C9 -> 89 | C9: =Student_Data!D9 -> 55 | D9: =Student_Data!E9 -> Low | E9: =Student_Data!F9 -> Improve Attendance
A10: =Student_Data!B10 -> Manideep | B10: =Student_Data!C10 -> 77 | C10: =Student_Data!D10 -> 63 | D10: =Student_Data!E10 -> Low | E10: =Student_Data!F10 -> Improve Attendance
A11: =Student_Data!B11 -> Ravi | B11: =Student_Data!C11 -> 52 | C11: =Student_Data!D11 -> 85 | D11: =Student_Data!E11 -> Low | E11: =Student_Data!F11 -> Basic Revision
